feature,importance
M,0.21487214781783784
F,0.12578649476159443
L,0.03668351693740076
S,0.016702963674669596
R,0.0035346297060662468
